{
  "best_params": {
    "clf__C": 1.0,
    "clf__solver": "lbfgs"
  },
  "roc_auc": 0.8402981218837996,
  "report": {
    "No": {
      "precision": 0.8420569329660239,
      "recall": 0.8859903381642512,
      "f1-score": 0.8634651600753296,
      "support": 1035.0
    },
    "Yes": {
      "precision": 0.63125,
      "recall": 0.5401069518716578,
      "f1-score": 0.5821325648414986,
      "support": 374.0
    },
    "accuracy": 0.794180269694819,
    "macro avg": {
      "precision": 0.736653466483012,
      "recall": 0.7130486450179545,
      "f1-score": 0.7227988624584141,
      "support": 1409.0
    },
    "weighted avg": {
      "precision": 0.7861010827678032,
      "recall": 0.794180269694819,
      "f1-score": 0.7887892263510906,
      "support": 1409.0
    }
  },
  "confusion_matrix": [
    [
      917,
      118
    ],
    [
      172,
      202
    ]
  ]
}